metric,value
accuracy,0.7714691270404542
precision,0.5858585858585859
recall,0.46648793565683644
f1_score,0.5194029850746269
roc_auc,0.6738810334654838
