accuracy,precision,recall,f1_score,roc_auc
0.7714691270404542,0.5858585858585859,0.46648793565683644,0.5194029850746269,0.6738810334654838
